mean,ID,name,system:index
10.0,10,Ganzhou,0_0
10.0,10,Ganzhou,0_1
9.0,10,Ganzhou,0_2
10.0,10,Ganzhou,0_3
10.0,10,Ganzhou,0_4
10.0,10,Ganzhou,0_5
10.0,10,Ganzhou,0_6
10.0,10,Ganzhou,0_7
10.0,10,Ganzhou,0_8
10.0,10,Ganzhou,0_9
10.0,10,Ganzhou,0_10
10.0,10,Ganzhou,0_11
10.0,10,Ganzhou,0_12
10.0,10,Ganzhou,0_13
9.0,10,Ganzhou,0_14
10.0,10,Ganzhou,0_15
10.0,10,Ganzhou,0_16
10.0,10,Ganzhou,0_17
10.0,10,Ganzhou,0_18
9.0,10,Ganzhou,0_19
10.0,10,Ganzhou,0_20
10.0,10,Ganzhou,0_21
10.0,10,Ganzhou,0_22
10.0,10,Ganzhou,0_23
10.0,10,Ganzhou,0_24
10.0,10,Ganzhou,0_25
10.0,10,Ganzhou,0_26
10.0,10,Ganzhou,0_27
10.0,10,Ganzhou,0_28
10.0,10,Ganzhou,0_29
10.0,10,Ganzhou,0_30
10.0,10,Ganzhou,0_31
10.0,10,Ganzhou,0_32
9.0,10,Ganzhou,0_33
10.0,10,Ganzhou,0_34
10.0,10,Ganzhou,0_35
10.0,10,Ganzhou,0_36
10.0,10,Ganzhou,0_37
10.0,10,Ganzhou,0_38
10.0,10,Ganzhou,0_39
10.0,10,Ganzhou,0_40
10.0,10,Ganzhou,0_41
10.0,10,Ganzhou,0_42
9.0,10,Ganzhou,0_43
10.0,10,Ganzhou,0_44
9.0,10,Ganzhou,0_45
10.0,10,Ganzhou,0_46
10.0,10,Ganzhou,0_47
10.0,10,Ganzhou,0_48
9.0,10,Ganzhou,0_49
10.0,10,Ganzhou,0_50
10.0,10,Ganzhou,0_51
10.0,10,Ganzhou,0_52
10.0,10,Ganzhou,0_53
10.0,10,Ganzhou,0_54
10.0,10,Ganzhou,0_55
10.0,10,Ganzhou,0_56
10.0,10,Ganzhou,0_57
10.0,10,Ganzhou,0_58
10.0,10,Ganzhou,0_59
10.0,10,Ganzhou,0_60
10.0,10,Ganzhou,0_61
10.0,10,Ganzhou,0_62
10.0,10,Ganzhou,0_63
10.0,10,Ganzhou,0_64
10.0,10,Ganzhou,0_65
10.0,10,Ganzhou,0_66
10.0,10,Ganzhou,0_67
10.0,10,Ganzhou,0_68
10.0,10,Ganzhou,0_69
10.0,10,Ganzhou,0_70
10.0,10,Ganzhou,0_71
10.0,10,Ganzhou,0_72
10.0,10,Ganzhou,0_73
10.0,10,Ganzhou,0_74
10.0,10,Ganzhou,0_75
10.0,10,Ganzhou,0_76
10.0,10,Ganzhou,0_77
9.0,10,Ganzhou,0_78
10.0,10,Ganzhou,0_79
10.0,10,Ganzhou,0_80
10.0,10,Ganzhou,0_81
10.0,10,Ganzhou,0_82
10.0,10,Ganzhou,0_83
9.0,10,Ganzhou,0_84
10.0,10,Ganzhou,0_85
10.0,10,Ganzhou,0_86
10.0,10,Ganzhou,0_87
10.0,10,Ganzhou,0_88
10.0,10,Ganzhou,0_89
10.0,10,Ganzhou,0_90
10.0,10,Ganzhou,0_91
10.0,10,Ganzhou,0_92
10.0,10,Ganzhou,0_93
10.0,10,Ganzhou,0_94
10.0,10,Ganzhou,0_95
10.0,10,Ganzhou,0_96
10.0,10,Ganzhou,0_97
10.0,10,Ganzhou,0_98
10.0,10,Ganzhou,0_99
9.0,10,Ganzhou,0_100
10.0,10,Ganzhou,0_101
9.0,10,Ganzhou,0_102
10.0,10,Ganzhou,0_103
10.0,10,Ganzhou,0_104
10.0,10,Ganzhou,0_105
10.0,10,Ganzhou,0_106
10.0,10,Ganzhou,0_107
10.0,10,Ganzhou,0_108
10.0,10,Ganzhou,0_109
10.0,10,Ganzhou,0_110
10.0,10,Ganzhou,0_111
9.0,10,Ganzhou,0_112
10.0,10,Ganzhou,0_113
10.0,10,Ganzhou,0_114
9.0,10,Ganzhou,0_115
10.0,10,Ganzhou,0_116
10.0,10,Ganzhou,0_117
10.0,10,Ganzhou,0_118
10.0,10,Ganzhou,0_119
10.0,10,Ganzhou,0_120
10.0,10,Ganzhou,0_121
10.0,10,Ganzhou,0_122
10.0,10,Ganzhou,0_123
10.0,10,Ganzhou,0_124
9.0,10,Ganzhou,0_125
10.0,10,Ganzhou,0_126
10.0,10,Ganzhou,0_127
10.0,10,Ganzhou,0_128
10.0,10,Ganzhou,0_129
10.0,10,Ganzhou,0_130
10.0,10,Ganzhou,0_131
10.0,10,Ganzhou,0_132
10.0,10,Ganzhou,0_133
10.0,10,Ganzhou,0_134
10.0,10,Ganzhou,0_135
9.0,10,Ganzhou,0_136
10.0,10,Ganzhou,0_137
10.0,10,Ganzhou,0_138
10.0,10,Ganzhou,0_139
10.0,10,Ganzhou,0_140
10.0,10,Ganzhou,0_141
10.0,10,Ganzhou,0_142
10.0,10,Ganzhou,0_143
10.0,10,Ganzhou,0_144
10.0,10,Ganzhou,0_145
10.0,10,Ganzhou,0_146
10.0,10,Ganzhou,0_147
10.0,10,Ganzhou,0_148
9.0,10,Ganzhou,0_149
8.0,9,Pingxiang,1_0
9.0,9,Pingxiang,1_1
9.0,9,Pingxiang,1_2
9.0,9,Pingxiang,1_3
8.0,9,Pingxiang,1_4
8.0,9,Pingxiang,1_5
8.0,9,Pingxiang,1_6
8.0,9,Pingxiang,1_7
8.0,9,Pingxiang,1_8
8.0,9,Pingxiang,1_9
8.0,9,Pingxiang,1_10
8.0,9,Pingxiang,1_11
8.0,9,Pingxiang,1_12
8.0,9,Pingxiang,1_13
9.0,9,Pingxiang,1_14
8.0,9,Pingxiang,1_15
8.0,9,Pingxiang,1_16
8.0,9,Pingxiang,1_17
9.0,9,Pingxiang,1_18
8.0,9,Pingxiang,1_19
8.0,9,Pingxiang,1_20
8.0,9,Pingxiang,1_21
8.0,9,Pingxiang,1_22
9.0,9,Pingxiang,1_23
8.0,9,Pingxiang,1_24
8.0,9,Pingxiang,1_25
8.0,9,Pingxiang,1_26
8.0,9,Pingxiang,1_27
8.0,9,Pingxiang,1_28
8.0,9,Pingxiang,1_29
8.0,9,Pingxiang,1_30
8.0,9,Pingxiang,1_31
8.0,9,Pingxiang,1_32
8.0,9,Pingxiang,1_33
8.0,9,Pingxiang,1_34
8.0,9,Pingxiang,1_35
9.0,9,Pingxiang,1_36
8.0,9,Pingxiang,1_37
8.0,9,Pingxiang,1_38
9.0,9,Pingxiang,1_39
8.0,9,Pingxiang,1_40
8.0,9,Pingxiang,1_41
9.0,9,Pingxiang,1_42
8.0,9,Pingxiang,1_43
9.0,9,Pingxiang,1_44
8.0,9,Pingxiang,1_45
8.0,9,Pingxiang,1_46
8.0,9,Pingxiang,1_47
8.0,9,Pingxiang,1_48
8.0,9,Pingxiang,1_49
8.0,9,Pingxiang,1_50
8.0,9,Pingxiang,1_51
8.0,9,Pingxiang,1_52
9.0,9,Pingxiang,1_53
8.0,9,Pingxiang,1_54
8.0,9,Pingxiang,1_55
8.0,9,Pingxiang,1_56
9.0,9,Pingxiang,1_57
8.0,9,Pingxiang,1_58
8.0,9,Pingxiang,1_59
8.0,9,Pingxiang,1_60
8.0,9,Pingxiang,1_61
8.0,9,Pingxiang,1_62
8.0,9,Pingxiang,1_63
8.0,9,Pingxiang,1_64
8.0,9,Pingxiang,1_65
8.0,9,Pingxiang,1_66
8.0,9,Pingxiang,1_67
8.0,9,Pingxiang,1_68
8.0,9,Pingxiang,1_69
8.0,9,Pingxiang,1_70
8.0,9,Pingxiang,1_71
8.0,9,Pingxiang,1_72
8.0,9,Pingxiang,1_73
8.0,9,Pingxiang,1_74
8.0,9,Pingxiang,1_75
8.0,9,Pingxiang,1_76
8.0,9,Pingxiang,1_77
8.0,9,Pingxiang,1_78
8.0,9,Pingxiang,1_79
8.0,9,Pingxiang,1_80
8.0,9,Pingxiang,1_81
9.0,9,Pingxiang,1_82
8.0,9,Pingxiang,1_83
8.0,9,Pingxiang,1_84
8.0,9,Pingxiang,1_85
8.0,9,Pingxiang,1_86
8.0,9,Pingxiang,1_87
8.0,9,Pingxiang,1_88
8.0,9,Pingxiang,1_89
8.0,9,Pingxiang,1_90
8.0,9,Pingxiang,1_91
8.0,9,Pingxiang,1_92
9.0,9,Pingxiang,1_93
8.0,9,Pingxiang,1_94
8.0,9,Pingxiang,1_95
8.0,9,Pingxiang,1_96
8.0,9,Pingxiang,1_97
8.0,9,Pingxiang,1_98
8.0,9,Pingxiang,1_99
8.0,9,Pingxiang,1_100
8.0,9,Pingxiang,1_101
8.0,9,Pingxiang,1_102
8.0,9,Pingxiang,1_103
8.0,9,Pingxiang,1_104
8.0,9,Pingxiang,1_105
8.0,9,Pingxiang,1_106
8.0,9,Pingxiang,1_107
8.0,9,Pingxiang,1_108
8.0,9,Pingxiang,1_109
8.0,9,Pingxiang,1_110
9.0,9,Pingxiang,1_111
8.0,9,Pingxiang,1_112
8.0,9,Pingxiang,1_113
8.0,9,Pingxiang,1_114
8.0,9,Pingxiang,1_115
8.0,9,Pingxiang,1_116
8.0,9,Pingxiang,1_117
8.0,9,Pingxiang,1_118
9.0,9,Pingxiang,1_119
8.0,9,Pingxiang,1_120
8.0,9,Pingxiang,1_121
8.0,9,Pingxiang,1_122
8.0,9,Pingxiang,1_123
8.0,9,Pingxiang,1_124
8.0,9,Pingxiang,1_125
8.0,9,Pingxiang,1_126
8.0,9,Pingxiang,1_127
8.0,9,Pingxiang,1_128
8.0,9,Pingxiang,1_129
8.0,9,Pingxiang,1_130
8.0,9,Pingxiang,1_131
8.0,9,Pingxiang,1_132
8.0,9,Pingxiang,1_133
8.0,9,Pingxiang,1_134
9.0,9,Pingxiang,1_135
8.0,9,Pingxiang,1_136
8.0,9,Pingxiang,1_137
8.0,9,Pingxiang,1_138
9.0,9,Pingxiang,1_139
8.0,9,Pingxiang,1_140
8.0,9,Pingxiang,1_141
9.0,9,Pingxiang,1_142
8.0,9,Pingxiang,1_143
8.0,9,Pingxiang,1_144
8.0,9,Pingxiang,1_145
8.0,9,Pingxiang,1_146
8.0,9,Pingxiang,1_147
8.0,9,Pingxiang,1_148
8.0,9,Pingxiang,1_149
8.0,8,Ji'an,2_0
8.0,8,Ji'an,2_1
7.0,8,Ji'an,2_2
8.0,8,Ji'an,2_3
8.0,8,Ji'an,2_4
8.0,8,Ji'an,2_5
8.0,8,Ji'an,2_6
8.0,8,Ji'an,2_7
8.0,8,Ji'an,2_8
8.0,8,Ji'an,2_9
8.0,8,Ji'an,2_10
8.0,8,Ji'an,2_11
8.0,8,Ji'an,2_12
8.0,8,Ji'an,2_13
7.0,8,Ji'an,2_14
8.0,8,Ji'an,2_15
7.0,8,Ji'an,2_16
8.0,8,Ji'an,2_17
8.0,8,Ji'an,2_18
8.0,8,Ji'an,2_19
8.0,8,Ji'an,2_20
8.0,8,Ji'an,2_21
8.0,8,Ji'an,2_22
8.0,8,Ji'an,2_23
7.0,8,Ji'an,2_24
8.0,8,Ji'an,2_25
8.0,8,Ji'an,2_26
8.0,8,Ji'an,2_27
8.0,8,Ji'an,2_28
8.0,8,Ji'an,2_29
7.0,8,Ji'an,2_30
8.0,8,Ji'an,2_31
8.0,8,Ji'an,2_32
7.0,8,Ji'an,2_33
8.0,8,Ji'an,2_34
8.0,8,Ji'an,2_35
8.0,8,Ji'an,2_36
8.0,8,Ji'an,2_37
8.0,8,Ji'an,2_38
8.0,8,Ji'an,2_39
8.0,8,Ji'an,2_40
7.0,8,Ji'an,2_41
8.0,8,Ji'an,2_42
7.0,8,Ji'an,2_43
8.0,8,Ji'an,2_44
8.0,8,Ji'an,2_45
8.0,8,Ji'an,2_46
8.0,8,Ji'an,2_47
8.0,8,Ji'an,2_48
7.0,8,Ji'an,2_49
8.0,8,Ji'an,2_50
8.0,8,Ji'an,2_51
8.0,8,Ji'an,2_52
7.0,8,Ji'an,2_53
8.0,8,Ji'an,2_54
7.0,8,Ji'an,2_55
8.0,8,Ji'an,2_56
8.0,8,Ji'an,2_57
8.0,8,Ji'an,2_58
8.0,8,Ji'an,2_59
8.0,8,Ji'an,2_60
8.0,8,Ji'an,2_61
8.0,8,Ji'an,2_62
8.0,8,Ji'an,2_63
8.0,8,Ji'an,2_64
7.0,8,Ji'an,2_65
8.0,8,Ji'an,2_66
8.0,8,Ji'an,2_67
7.0,8,Ji'an,2_68
8.0,8,Ji'an,2_69
7.0,8,Ji'an,2_70
8.0,8,Ji'an,2_71
8.0,8,Ji'an,2_72
8.0,8,Ji'an,2_73
8.0,8,Ji'an,2_74
8.0,8,Ji'an,2_75
8.0,8,Ji'an,2_76
8.0,8,Ji'an,2_77
8.0,8,Ji'an,2_78
8.0,8,Ji'an,2_79
8.0,8,Ji'an,2_80
8.0,8,Ji'an,2_81
8.0,8,Ji'an,2_82
8.0,8,Ji'an,2_83
8.0,8,Ji'an,2_84
8.0,8,Ji'an,2_85
8.0,8,Ji'an,2_86
8.0,8,Ji'an,2_87
8.0,8,Ji'an,2_88
8.0,8,Ji'an,2_89
8.0,8,Ji'an,2_90
8.0,8,Ji'an,2_91
8.0,8,Ji'an,2_92
8.0,8,Ji'an,2_93
8.0,8,Ji'an,2_94
8.0,8,Ji'an,2_95
8.0,8,Ji'an,2_96
8.0,8,Ji'an,2_97
8.0,8,Ji'an,2_98
7.0,8,Ji'an,2_99
7.0,8,Ji'an,2_100
8.0,8,Ji'an,2_101
7.0,8,Ji'an,2_102
8.0,8,Ji'an,2_103
8.0,8,Ji'an,2_104
7.0,8,Ji'an,2_105
8.0,8,Ji'an,2_106
7.0,8,Ji'an,2_107
8.0,8,Ji'an,2_108
8.0,8,Ji'an,2_109
7.0,8,Ji'an,2_110
8.0,8,Ji'an,2_111
8.0,8,Ji'an,2_112
8.0,8,Ji'an,2_113
8.0,8,Ji'an,2_114
8.0,8,Ji'an,2_115
8.0,8,Ji'an,2_116
8.0,8,Ji'an,2_117
7.0,8,Ji'an,2_118
8.0,8,Ji'an,2_119
7.0,8,Ji'an,2_120
8.0,8,Ji'an,2_121
8.0,8,Ji'an,2_122
8.0,8,Ji'an,2_123
8.0,8,Ji'an,2_124
8.0,8,Ji'an,2_125
8.0,8,Ji'an,2_126
8.0,8,Ji'an,2_127
8.0,8,Ji'an,2_128
8.0,8,Ji'an,2_129
8.0,8,Ji'an,2_130
8.0,8,Ji'an,2_131
8.0,8,Ji'an,2_132
8.0,8,Ji'an,2_133
8.0,8,Ji'an,2_134
8.0,8,Ji'an,2_135
8.0,8,Ji'an,2_136
8.0,8,Ji'an,2_137
8.0,8,Ji'an,2_138
8.0,8,Ji'an,2_139
8.0,8,Ji'an,2_140
8.0,8,Ji'an,2_141
8.0,8,Ji'an,2_142
7.0,8,Ji'an,2_143
8.0,8,Ji'an,2_144
8.0,8,Ji'an,2_145
8.0,8,Ji'an,2_146
8.0,8,Ji'an,2_147
8.0,8,Ji'an,2_148
8.0,8,Ji'an,2_149
6.0,7,Xinyu,3_0
7.0,7,Xinyu,3_1
7.0,7,Xinyu,3_2
6.0,7,Xinyu,3_3
6.0,7,Xinyu,3_4
6.0,7,Xinyu,3_5
6.0,7,Xinyu,3_6
6.0,7,Xinyu,3_7
6.0,7,Xinyu,3_8
6.0,7,Xinyu,3_9
6.0,7,Xinyu,3_10
6.0,7,Xinyu,3_11
6.0,7,Xinyu,3_12
6.0,7,Xinyu,3_13
7.0,7,Xinyu,3_14
6.0,7,Xinyu,3_15
6.0,7,Xinyu,3_16
6.0,7,Xinyu,3_17
6.0,7,Xinyu,3_18
7.0,7,Xinyu,3_19
6.0,7,Xinyu,3_20
6.0,7,Xinyu,3_21
6.0,7,Xinyu,3_22
6.0,7,Xinyu,3_23
6.0,7,Xinyu,3_24
6.0,7,Xinyu,3_25
6.0,7,Xinyu,3_26
6.0,7,Xinyu,3_27
6.0,7,Xinyu,3_28
6.0,7,Xinyu,3_29
6.0,7,Xinyu,3_30
6.0,7,Xinyu,3_31
6.0,7,Xinyu,3_32
7.0,7,Xinyu,3_33
6.0,7,Xinyu,3_34
6.0,7,Xinyu,3_35
7.0,7,Xinyu,3_36
6.0,7,Xinyu,3_37
7.0,7,Xinyu,3_38
6.0,7,Xinyu,3_39
6.0,7,Xinyu,3_40
6.0,7,Xinyu,3_41
6.0,7,Xinyu,3_42
7.0,7,Xinyu,3_43
6.0,7,Xinyu,3_44
7.0,7,Xinyu,3_45
6.0,7,Xinyu,3_46
6.0,7,Xinyu,3_47
6.0,7,Xinyu,3_48
7.0,7,Xinyu,3_49
6.0,7,Xinyu,3_50
7.0,7,Xinyu,3_51
6.0,7,Xinyu,3_52
6.0,7,Xinyu,3_53
6.0,7,Xinyu,3_54
6.0,7,Xinyu,3_55
6.0,7,Xinyu,3_56
6.0,7,Xinyu,3_57
6.0,7,Xinyu,3_58
6.0,7,Xinyu,3_59
7.0,7,Xinyu,3_60
6.0,7,Xinyu,3_61
6.0,7,Xinyu,3_62
6.0,7,Xinyu,3_63
6.0,7,Xinyu,3_64
6.0,7,Xinyu,3_65
6.0,7,Xinyu,3_66
6.0,7,Xinyu,3_67
6.0,7,Xinyu,3_68
6.0,7,Xinyu,3_69
6.0,7,Xinyu,3_70
6.0,7,Xinyu,3_71
6.0,7,Xinyu,3_72
6.0,7,Xinyu,3_73
6.0,7,Xinyu,3_74
6.0,7,Xinyu,3_75
6.0,7,Xinyu,3_76
6.0,7,Xinyu,3_77
7.0,7,Xinyu,3_78
6.0,7,Xinyu,3_79
6.0,7,Xinyu,3_80
6.0,7,Xinyu,3_81
6.0,7,Xinyu,3_82
6.0,7,Xinyu,3_83
7.0,7,Xinyu,3_84
6.0,7,Xinyu,3_85
6.0,7,Xinyu,3_86
6.0,7,Xinyu,3_87
6.0,7,Xinyu,3_88
6.0,7,Xinyu,3_89
6.0,7,Xinyu,3_90
6.0,7,Xinyu,3_91
6.0,7,Xinyu,3_92
6.0,7,Xinyu,3_93
6.0,7,Xinyu,3_94
6.0,7,Xinyu,3_95
6.0,7,Xinyu,3_96
6.0,7,Xinyu,3_97
6.0,7,Xinyu,3_98
6.0,7,Xinyu,3_99
7.0,7,Xinyu,3_100
6.0,7,Xinyu,3_101
7.0,7,Xinyu,3_102
6.0,7,Xinyu,3_103
6.0,7,Xinyu,3_104
6.0,7,Xinyu,3_105
6.0,7,Xinyu,3_106
6.0,7,Xinyu,3_107
6.0,7,Xinyu,3_108
6.0,7,Xinyu,3_109
6.0,7,Xinyu,3_110
6.0,7,Xinyu,3_111
7.0,7,Xinyu,3_112
6.0,7,Xinyu,3_113
6.0,7,Xinyu,3_114
7.0,7,Xinyu,3_115
6.0,7,Xinyu,3_116
6.0,7,Xinyu,3_117
6.0,7,Xinyu,3_118
6.0,7,Xinyu,3_119
6.0,7,Xinyu,3_120
6.0,7,Xinyu,3_121
6.0,7,Xinyu,3_122
6.0,7,Xinyu,3_123
6.0,7,Xinyu,3_124
7.0,7,Xinyu,3_125
6.0,7,Xinyu,3_126
6.0,7,Xinyu,3_127
6.0,7,Xinyu,3_128
6.0,7,Xinyu,3_129
6.0,7,Xinyu,3_130
6.0,7,Xinyu,3_131
6.0,7,Xinyu,3_132
6.0,7,Xinyu,3_133
6.0,7,Xinyu,3_134
6.0,7,Xinyu,3_135
7.0,7,Xinyu,3_136
6.0,7,Xinyu,3_137
6.0,7,Xinyu,3_138
6.0,7,Xinyu,3_139
6.0,7,Xinyu,3_140
6.0,7,Xinyu,3_141
6.0,7,Xinyu,3_142
6.0,7,Xinyu,3_143
6.0,7,Xinyu,3_144
6.0,7,Xinyu,3_145
6.0,7,Xinyu,3_146
6.0,7,Xinyu,3_147
6.0,7,Xinyu,3_148
7.0,7,Xinyu,3_149
6.0,6,Fuzhou,4_0
6.0,6,Fuzhou,4_1
6.0,6,Fuzhou,4_2
6.0,6,Fuzhou,4_3
6.0,6,Fuzhou,4_4
5.0,6,Fuzhou,4_5
6.0,6,Fuzhou,4_6
6.0,6,Fuzhou,4_7
6.0,6,Fuzhou,4_8
6.0,6,Fuzhou,4_9
6.0,6,Fuzhou,4_10
6.0,6,Fuzhou,4_11
6.0,6,Fuzhou,4_12
6.0,6,Fuzhou,4_13
6.0,6,Fuzhou,4_14
6.0,6,Fuzhou,4_15
6.0,6,Fuzhou,4_16
6.0,6,Fuzhou,4_17
6.0,6,Fuzhou,4_18
6.0,6,Fuzhou,4_19
6.0,6,Fuzhou,4_20
6.0,6,Fuzhou,4_21
6.0,6,Fuzhou,4_22
6.0,6,Fuzhou,4_23
5.0,6,Fuzhou,4_24
6.0,6,Fuzhou,4_25
6.0,6,Fuzhou,4_26
6.0,6,Fuzhou,4_27
6.0,6,Fuzhou,4_28
6.0,6,Fuzhou,4_29
6.0,6,Fuzhou,4_30
6.0,6,Fuzhou,4_31
6.0,6,Fuzhou,4_32
6.0,6,Fuzhou,4_33
6.0,6,Fuzhou,4_34
6.0,6,Fuzhou,4_35
6.0,6,Fuzhou,4_36
6.0,6,Fuzhou,4_37
5.0,6,Fuzhou,4_38
5.0,6,Fuzhou,4_39
6.0,6,Fuzhou,4_40
6.0,6,Fuzhou,4_41
6.0,6,Fuzhou,4_42
6.0,6,Fuzhou,4_43
6.0,6,Fuzhou,4_44
6.0,6,Fuzhou,4_45
6.0,6,Fuzhou,4_46
5.0,6,Fuzhou,4_47
6.0,6,Fuzhou,4_48
6.0,6,Fuzhou,4_49
6.0,6,Fuzhou,4_50
6.0,6,Fuzhou,4_51
6.0,6,Fuzhou,4_52
6.0,6,Fuzhou,4_53
6.0,6,Fuzhou,4_54
6.0,6,Fuzhou,4_55
6.0,6,Fuzhou,4_56
6.0,6,Fuzhou,4_57
5.0,6,Fuzhou,4_58
6.0,6,Fuzhou,4_59
6.0,6,Fuzhou,4_60
6.0,6,Fuzhou,4_61
6.0,6,Fuzhou,4_62
5.0,6,Fuzhou,4_63
5.0,6,Fuzhou,4_64
6.0,6,Fuzhou,4_65
5.0,6,Fuzhou,4_66
6.0,6,Fuzhou,4_67
6.0,6,Fuzhou,4_68
5.0,6,Fuzhou,4_69
6.0,6,Fuzhou,4_70
6.0,6,Fuzhou,4_71
6.0,6,Fuzhou,4_72
6.0,6,Fuzhou,4_73
6.0,6,Fuzhou,4_74
6.0,6,Fuzhou,4_75
6.0,6,Fuzhou,4_76
6.0,6,Fuzhou,4_77
6.0,6,Fuzhou,4_78
6.0,6,Fuzhou,4_79
6.0,6,Fuzhou,4_80
5.0,6,Fuzhou,4_81
6.0,6,Fuzhou,4_82
6.0,6,Fuzhou,4_83
5.0,6,Fuzhou,4_84
6.0,6,Fuzhou,4_85
6.0,6,Fuzhou,4_86
6.0,6,Fuzhou,4_87
6.0,6,Fuzhou,4_88
6.0,6,Fuzhou,4_89
6.0,6,Fuzhou,4_90
5.0,6,Fuzhou,4_91
6.0,6,Fuzhou,4_92
6.0,6,Fuzhou,4_93
6.0,6,Fuzhou,4_94
6.0,6,Fuzhou,4_95
6.0,6,Fuzhou,4_96
6.0,6,Fuzhou,4_97
6.0,6,Fuzhou,4_98
6.0,6,Fuzhou,4_99
6.0,6,Fuzhou,4_100
6.0,6,Fuzhou,4_101
6.0,6,Fuzhou,4_102
5.0,6,Fuzhou,4_103
6.0,6,Fuzhou,4_104
5.0,6,Fuzhou,4_105
5.0,6,Fuzhou,4_106
6.0,6,Fuzhou,4_107
6.0,6,Fuzhou,4_108
5.0,6,Fuzhou,4_109
6.0,6,Fuzhou,4_110
5.0,6,Fuzhou,4_111
5.0,6,Fuzhou,4_112
6.0,6,Fuzhou,4_113
6.0,6,Fuzhou,4_114
6.0,6,Fuzhou,4_115
6.0,6,Fuzhou,4_116
5.0,6,Fuzhou,4_117
6.0,6,Fuzhou,4_118
5.0,6,Fuzhou,4_119
6.0,6,Fuzhou,4_120
6.0,6,Fuzhou,4_121
6.0,6,Fuzhou,4_122
6.0,6,Fuzhou,4_123
5.0,6,Fuzhou,4_124
6.0,6,Fuzhou,4_125
6.0,6,Fuzhou,4_126
6.0,6,Fuzhou,4_127
6.0,6,Fuzhou,4_128
6.0,6,Fuzhou,4_129
6.0,6,Fuzhou,4_130
6.0,6,Fuzhou,4_131
5.0,6,Fuzhou,4_132
6.0,6,Fuzhou,4_133
6.0,6,Fuzhou,4_134
6.0,6,Fuzhou,4_135
6.0,6,Fuzhou,4_136
6.0,6,Fuzhou,4_137
6.0,6,Fuzhou,4_138
6.0,6,Fuzhou,4_139
6.0,6,Fuzhou,4_140
5.0,6,Fuzhou,4_141
5.0,6,Fuzhou,4_142
6.0,6,Fuzhou,4_143
6.0,6,Fuzhou,4_144
6.0,6,Fuzhou,4_145
6.0,6,Fuzhou,4_146
6.0,6,Fuzhou,4_147
6.0,6,Fuzhou,4_148
5.0,6,Fuzhou,4_149
4.0,5,Yingtan,5_0
5.0,5,Yingtan,5_1
5.0,5,Yingtan,5_2
4.0,5,Yingtan,5_3
4.0,5,Yingtan,5_4
4.0,5,Yingtan,5_5
4.0,5,Yingtan,5_6
4.0,5,Yingtan,5_7
4.0,5,Yingtan,5_8
4.0,5,Yingtan,5_9
4.0,5,Yingtan,5_10
4.0,5,Yingtan,5_11
4.0,5,Yingtan,5_12
4.0,5,Yingtan,5_13
5.0,5,Yingtan,5_14
4.0,5,Yingtan,5_15
4.0,5,Yingtan,5_16
4.0,5,Yingtan,5_17
4.0,5,Yingtan,5_18
5.0,5,Yingtan,5_19
4.0,5,Yingtan,5_20
4.0,5,Yingtan,5_21
4.0,5,Yingtan,5_22
4.0,5,Yingtan,5_23
4.0,5,Yingtan,5_24
4.0,5,Yingtan,5_25
4.0,5,Yingtan,5_26
4.0,5,Yingtan,5_27
4.0,5,Yingtan,5_28
4.0,5,Yingtan,5_29
4.0,5,Yingtan,5_30
4.0,5,Yingtan,5_31
4.0,5,Yingtan,5_32
5.0,5,Yingtan,5_33
4.0,5,Yingtan,5_34
4.0,5,Yingtan,5_35
5.0,5,Yingtan,5_36
4.0,5,Yingtan,5_37
5.0,5,Yingtan,5_38
4.0,5,Yingtan,5_39
4.0,5,Yingtan,5_40
4.0,5,Yingtan,5_41
4.0,5,Yingtan,5_42
5.0,5,Yingtan,5_43
4.0,5,Yingtan,5_44
5.0,5,Yingtan,5_45
4.0,5,Yingtan,5_46
4.0,5,Yingtan,5_47
4.0,5,Yingtan,5_48
5.0,5,Yingtan,5_49
4.0,5,Yingtan,5_50
5.0,5,Yingtan,5_51
4.0,5,Yingtan,5_52
4.0,5,Yingtan,5_53
4.0,5,Yingtan,5_54
4.0,5,Yingtan,5_55
4.0,5,Yingtan,5_56
5.0,5,Yingtan,5_57
4.0,5,Yingtan,5_58
4.0,5,Yingtan,5_59
5.0,5,Yingtan,5_60
4.0,5,Yingtan,5_61
4.0,5,Yingtan,5_62
4.0,5,Yingtan,5_63
4.0,5,Yingtan,5_64
4.0,5,Yingtan,5_65
4.0,5,Yingtan,5_66
4.0,5,Yingtan,5_67
4.0,5,Yingtan,5_68
4.0,5,Yingtan,5_69
4.0,5,Yingtan,5_70
4.0,5,Yingtan,5_71
4.0,5,Yingtan,5_72
4.0,5,Yingtan,5_73
4.0,5,Yingtan,5_74
4.0,5,Yingtan,5_75
4.0,5,Yingtan,5_76
4.0,5,Yingtan,5_77
5.0,5,Yingtan,5_78
4.0,5,Yingtan,5_79
4.0,5,Yingtan,5_80
4.0,5,Yingtan,5_81
4.0,5,Yingtan,5_82
4.0,5,Yingtan,5_83
5.0,5,Yingtan,5_84
4.0,5,Yingtan,5_85
4.0,5,Yingtan,5_86
4.0,5,Yingtan,5_87
4.0,5,Yingtan,5_88
4.0,5,Yingtan,5_89
4.0,5,Yingtan,5_90
4.0,5,Yingtan,5_91
4.0,5,Yingtan,5_92
5.0,5,Yingtan,5_93
4.0,5,Yingtan,5_94
4.0,5,Yingtan,5_95
4.0,5,Yingtan,5_96
4.0,5,Yingtan,5_97
4.0,5,Yingtan,5_98
4.0,5,Yingtan,5_99
5.0,5,Yingtan,5_100
4.0,5,Yingtan,5_101
5.0,5,Yingtan,5_102
4.0,5,Yingtan,5_103
4.0,5,Yingtan,5_104
4.0,5,Yingtan,5_105
4.0,5,Yingtan,5_106
4.0,5,Yingtan,5_107
4.0,5,Yingtan,5_108
4.0,5,Yingtan,5_109
4.0,5,Yingtan,5_110
4.0,5,Yingtan,5_111
5.0,5,Yingtan,5_112
4.0,5,Yingtan,5_113
4.0,5,Yingtan,5_114
5.0,5,Yingtan,5_115
4.0,5,Yingtan,5_116
4.0,5,Yingtan,5_117
4.0,5,Yingtan,5_118
5.0,5,Yingtan,5_119
4.0,5,Yingtan,5_120
4.0,5,Yingtan,5_121
4.0,5,Yingtan,5_122
4.0,5,Yingtan,5_123
4.0,5,Yingtan,5_124
5.0,5,Yingtan,5_125
4.0,5,Yingtan,5_126
4.0,5,Yingtan,5_127
4.0,5,Yingtan,5_128
4.0,5,Yingtan,5_129
4.0,5,Yingtan,5_130
4.0,5,Yingtan,5_131
4.0,5,Yingtan,5_132
4.0,5,Yingtan,5_133
4.0,5,Yingtan,5_134
4.0,5,Yingtan,5_135
5.0,5,Yingtan,5_136
4.0,5,Yingtan,5_137
4.0,5,Yingtan,5_138
4.0,5,Yingtan,5_139
4.0,5,Yingtan,5_140
4.0,5,Yingtan,5_141
4.0,5,Yingtan,5_142
4.0,5,Yingtan,5_143
4.0,5,Yingtan,5_144
4.0,5,Yingtan,5_145
4.0,5,Yingtan,5_146
4.0,5,Yingtan,5_147
4.0,5,Yingtan,5_148
5.0,5,Yingtan,5_149
4.0,4,Yichun,6_0
4.0,4,Yichun,6_1
4.0,4,Yichun,6_2
4.0,4,Yichun,6_3
4.0,4,Yichun,6_4
3.0,4,Yichun,6_5
4.0,4,Yichun,6_6
4.0,4,Yichun,6_7
4.0,4,Yichun,6_8
3.0,4,Yichun,6_9
4.0,4,Yichun,6_10
4.0,4,Yichun,6_11
3.0,4,Yichun,6_12
3.0,4,Yichun,6_13
4.0,4,Yichun,6_14
4.0,4,Yichun,6_15
3.0,4,Yichun,6_16
3.0,4,Yichun,6_17
4.0,4,Yichun,6_18
3.0,4,Yichun,6_19
3.0,4,Yichun,6_20
4.0,4,Yichun,6_21
4.0,4,Yichun,6_22
3.0,4,Yichun,6_23
4.0,4,Yichun,6_24
4.0,4,Yichun,6_25
3.0,4,Yichun,6_26
3.0,4,Yichun,6_27
3.0,4,Yichun,6_28
4.0,4,Yichun,6_29
4.0,4,Yichun,6_30
3.0,4,Yichun,6_31
4.0,4,Yichun,6_32
4.0,4,Yichun,6_33
4.0,4,Yichun,6_34
4.0,4,Yichun,6_35
4.0,4,Yichun,6_36
4.0,4,Yichun,6_37
4.0,4,Yichun,6_38
4.0,4,Yichun,6_39
4.0,4,Yichun,6_40
4.0,4,Yichun,6_41
3.0,4,Yichun,6_42
4.0,4,Yichun,6_43
3.0,4,Yichun,6_44
4.0,4,Yichun,6_45
4.0,4,Yichun,6_46
3.0,4,Yichun,6_47
3.0,4,Yichun,6_48
4.0,4,Yichun,6_49
4.0,4,Yichun,6_50
4.0,4,Yichun,6_51
4.0,4,Yichun,6_52
3.0,4,Yichun,6_53
4.0,4,Yichun,6_54
4.0,4,Yichun,6_55
4.0,4,Yichun,6_56
4.0,4,Yichun,6_57
3.0,4,Yichun,6_58
4.0,4,Yichun,6_59
4.0,4,Yichun,6_60
4.0,4,Yichun,6_61
4.0,4,Yichun,6_62
3.0,4,Yichun,6_63
4.0,4,Yichun,6_64
4.0,4,Yichun,6_65
4.0,4,Yichun,6_66
4.0,4,Yichun,6_67
4.0,4,Yichun,6_68
3.0,4,Yichun,6_69
4.0,4,Yichun,6_70
4.0,4,Yichun,6_71
4.0,4,Yichun,6_72
4.0,4,Yichun,6_73
4.0,4,Yichun,6_74
4.0,4,Yichun,6_75
4.0,4,Yichun,6_76
4.0,4,Yichun,6_77
4.0,4,Yichun,6_78
4.0,4,Yichun,6_79
4.0,4,Yichun,6_80
3.0,4,Yichun,6_81
3.0,4,Yichun,6_82
4.0,4,Yichun,6_83
3.0,4,Yichun,6_84
4.0,4,Yichun,6_85
4.0,4,Yichun,6_86
4.0,4,Yichun,6_87
4.0,4,Yichun,6_88
4.0,4,Yichun,6_89
4.0,4,Yichun,6_90
3.0,4,Yichun,6_91
4.0,4,Yichun,6_92
4.0,4,Yichun,6_93
4.0,4,Yichun,6_94
4.0,4,Yichun,6_95
3.0,4,Yichun,6_96
4.0,4,Yichun,6_97
4.0,4,Yichun,6_98
4.0,4,Yichun,6_99
4.0,4,Yichun,6_100
3.0,4,Yichun,6_101
4.0,4,Yichun,6_102
3.0,4,Yichun,6_103
3.0,4,Yichun,6_104
4.0,4,Yichun,6_105
4.0,4,Yichun,6_106
4.0,4,Yichun,6_107
4.0,4,Yichun,6_108
4.0,4,Yichun,6_109
4.0,4,Yichun,6_110
4.0,4,Yichun,6_111
4.0,4,Yichun,6_112
4.0,4,Yichun,6_113
3.0,4,Yichun,6_114
4.0,4,Yichun,6_115
3.0,4,Yichun,6_116
3.0,4,Yichun,6_117
4.0,4,Yichun,6_118
3.0,4,Yichun,6_119
4.0,4,Yichun,6_120
4.0,4,Yichun,6_121
4.0,4,Yichun,6_122
4.0,4,Yichun,6_123
3.0,4,Yichun,6_124
4.0,4,Yichun,6_125
4.0,4,Yichun,6_126
3.0,4,Yichun,6_127
4.0,4,Yichun,6_128
4.0,4,Yichun,6_129
4.0,4,Yichun,6_130
4.0,4,Yichun,6_131
4.0,4,Yichun,6_132
3.0,4,Yichun,6_133
4.0,4,Yichun,6_134
3.0,4,Yichun,6_135
4.0,4,Yichun,6_136
4.0,4,Yichun,6_137
4.0,4,Yichun,6_138
4.0,4,Yichun,6_139
4.0,4,Yichun,6_140
4.0,4,Yichun,6_141
3.0,4,Yichun,6_142
3.0,4,Yichun,6_143
4.0,4,Yichun,6_144
4.0,4,Yichun,6_145
3.0,4,Yichun,6_146
3.0,4,Yichun,6_147
3.0,4,Yichun,6_148
4.0,4,Yichun,6_149
2.0,3,Nanchan,7_0
3.0,3,Nanchan,7_1
2.0,3,Nanchan,7_2
3.0,3,Nanchan,7_3
2.0,3,Nanchan,7_4
3.0,3,Nanchan,7_5
2.0,3,Nanchan,7_6
2.0,3,Nanchan,7_7
2.0,3,Nanchan,7_8
2.0,3,Nanchan,7_9
3.0,3,Nanchan,7_10
3.0,3,Nanchan,7_11
3.0,3,Nanchan,7_12
2.0,3,Nanchan,7_13
2.0,3,Nanchan,7_14
2.0,3,Nanchan,7_15
2.0,3,Nanchan,7_16
3.0,3,Nanchan,7_17
2.0,3,Nanchan,7_18
2.0,3,Nanchan,7_19
2.0,3,Nanchan,7_20
2.0,3,Nanchan,7_21
3.0,3,Nanchan,7_22
2.0,3,Nanchan,7_23
2.0,3,Nanchan,7_24
3.0,3,Nanchan,7_25
2.0,3,Nanchan,7_26
2.0,3,Nanchan,7_27
2.0,3,Nanchan,7_28
2.0,3,Nanchan,7_29
3.0,3,Nanchan,7_30
2.0,3,Nanchan,7_31
2.0,3,Nanchan,7_32
2.0,3,Nanchan,7_33
3.0,3,Nanchan,7_34
2.0,3,Nanchan,7_35
3.0,3,Nanchan,7_36
2.0,3,Nanchan,7_37
2.0,3,Nanchan,7_38
2.0,3,Nanchan,7_39
2.0,3,Nanchan,7_40
2.0,3,Nanchan,7_41
2.0,3,Nanchan,7_42
2.0,3,Nanchan,7_43
2.0,3,Nanchan,7_44
2.0,3,Nanchan,7_45
2.0,3,Nanchan,7_46
2.0,3,Nanchan,7_47
2.0,3,Nanchan,7_48
2.0,3,Nanchan,7_49
2.0,3,Nanchan,7_50
3.0,3,Nanchan,7_51
2.0,3,Nanchan,7_52
2.0,3,Nanchan,7_53
2.0,3,Nanchan,7_54
3.0,3,Nanchan,7_55
2.0,3,Nanchan,7_56
2.0,3,Nanchan,7_57
2.0,3,Nanchan,7_58
2.0,3,Nanchan,7_59
3.0,3,Nanchan,7_60
3.0,3,Nanchan,7_61
2.0,3,Nanchan,7_62
2.0,3,Nanchan,7_63
2.0,3,Nanchan,7_64
2.0,3,Nanchan,7_65
2.0,3,Nanchan,7_66
2.0,3,Nanchan,7_67
2.0,3,Nanchan,7_68
2.0,3,Nanchan,7_69
2.0,3,Nanchan,7_70
2.0,3,Nanchan,7_71
2.0,3,Nanchan,7_72
2.0,3,Nanchan,7_73
2.0,3,Nanchan,7_74
3.0,3,Nanchan,7_75
3.0,3,Nanchan,7_76
2.0,3,Nanchan,7_77
2.0,3,Nanchan,7_78
2.0,3,Nanchan,7_79
3.0,3,Nanchan,7_80
3.0,3,Nanchan,7_81
2.0,3,Nanchan,7_82
2.0,3,Nanchan,7_83
3.0,3,Nanchan,7_84
2.0,3,Nanchan,7_85
2.0,3,Nanchan,7_86
2.0,3,Nanchan,7_87
2.0,3,Nanchan,7_88
2.0,3,Nanchan,7_89
2.0,3,Nanchan,7_90
2.0,3,Nanchan,7_91
2.0,3,Nanchan,7_92
2.0,3,Nanchan,7_93
2.0,3,Nanchan,7_94
2.0,3,Nanchan,7_95
2.0,3,Nanchan,7_96
2.0,3,Nanchan,7_97
2.0,3,Nanchan,7_98
2.0,3,Nanchan,7_99
3.0,3,Nanchan,7_100
2.0,3,Nanchan,7_101
2.0,3,Nanchan,7_102
2.0,3,Nanchan,7_103
2.0,3,Nanchan,7_104
2.0,3,Nanchan,7_105
2.0,3,Nanchan,7_106
2.0,3,Nanchan,7_107
2.0,3,Nanchan,7_108
2.0,3,Nanchan,7_109
2.0,3,Nanchan,7_110
2.0,3,Nanchan,7_111
3.0,3,Nanchan,7_112
2.0,3,Nanchan,7_113
3.0,3,Nanchan,7_114
2.0,3,Nanchan,7_115
3.0,3,Nanchan,7_116
2.0,3,Nanchan,7_117
2.0,3,Nanchan,7_118
2.0,3,Nanchan,7_119
3.0,3,Nanchan,7_120
2.0,3,Nanchan,7_121
2.0,3,Nanchan,7_122
2.0,3,Nanchan,7_123
2.0,3,Nanchan,7_124
2.0,3,Nanchan,7_125
2.0,3,Nanchan,7_126
2.0,3,Nanchan,7_127
2.0,3,Nanchan,7_128
2.0,3,Nanchan,7_129
3.0,3,Nanchan,7_130
2.0,3,Nanchan,7_131
3.0,3,Nanchan,7_132
2.0,3,Nanchan,7_133
2.0,3,Nanchan,7_134
2.0,3,Nanchan,7_135
3.0,3,Nanchan,7_136
2.0,3,Nanchan,7_137
3.0,3,Nanchan,7_138
2.0,3,Nanchan,7_139
2.0,3,Nanchan,7_140
2.0,3,Nanchan,7_141
2.0,3,Nanchan,7_142
2.0,3,Nanchan,7_143
2.0,3,Nanchan,7_144
2.0,3,Nanchan,7_145
2.0,3,Nanchan,7_146
2.0,3,Nanchan,7_147
3.0,3,Nanchan,7_148
2.0,3,Nanchan,7_149
2.0,2,Shangrao,8_0
2.0,2,Shangrao,8_1
2.0,2,Shangrao,8_2
2.0,2,Shangrao,8_3
1.0,2,Shangrao,8_4
2.0,2,Shangrao,8_5
2.0,2,Shangrao,8_6
2.0,2,Shangrao,8_7
2.0,2,Shangrao,8_8
2.0,2,Shangrao,8_9
2.0,2,Shangrao,8_10
2.0,2,Shangrao,8_11
2.0,2,Shangrao,8_12
2.0,2,Shangrao,8_13
2.0,2,Shangrao,8_14
2.0,2,Shangrao,8_15
1.0,2,Shangrao,8_16
2.0,2,Shangrao,8_17
2.0,2,Shangrao,8_18
2.0,2,Shangrao,8_19
2.0,2,Shangrao,8_20
1.0,2,Shangrao,8_21
2.0,2,Shangrao,8_22
2.0,2,Shangrao,8_23
2.0,2,Shangrao,8_24
1.0,2,Shangrao,8_25
2.0,2,Shangrao,8_26
2.0,2,Shangrao,8_27
2.0,2,Shangrao,8_28
2.0,2,Shangrao,8_29
2.0,2,Shangrao,8_30
2.0,2,Shangrao,8_31
2.0,2,Shangrao,8_32
2.0,2,Shangrao,8_33
2.0,2,Shangrao,8_34
2.0,2,Shangrao,8_35
1.0,2,Shangrao,8_36
1.0,2,Shangrao,8_37
2.0,2,Shangrao,8_38
2.0,2,Shangrao,8_39
2.0,2,Shangrao,8_40
2.0,2,Shangrao,8_41
2.0,2,Shangrao,8_42
2.0,2,Shangrao,8_43
1.0,2,Shangrao,8_44
2.0,2,Shangrao,8_45
2.0,2,Shangrao,8_46
2.0,2,Shangrao,8_47
2.0,2,Shangrao,8_48
2.0,2,Shangrao,8_49
1.0,2,Shangrao,8_50
2.0,2,Shangrao,8_51
2.0,2,Shangrao,8_52
1.0,2,Shangrao,8_53
2.0,2,Shangrao,8_54
2.0,2,Shangrao,8_55
2.0,2,Shangrao,8_56
2.0,2,Shangrao,8_57
2.0,2,Shangrao,8_58
2.0,2,Shangrao,8_59
2.0,2,Shangrao,8_60
2.0,2,Shangrao,8_61
2.0,2,Shangrao,8_62
2.0,2,Shangrao,8_63
2.0,2,Shangrao,8_64
2.0,2,Shangrao,8_65
2.0,2,Shangrao,8_66
2.0,2,Shangrao,8_67
2.0,2,Shangrao,8_68
2.0,2,Shangrao,8_69
2.0,2,Shangrao,8_70
1.0,2,Shangrao,8_71
1.0,2,Shangrao,8_72
2.0,2,Shangrao,8_73
2.0,2,Shangrao,8_74
2.0,2,Shangrao,8_75
2.0,2,Shangrao,8_76
1.0,2,Shangrao,8_77
2.0,2,Shangrao,8_78
2.0,2,Shangrao,8_79
2.0,2,Shangrao,8_80
2.0,2,Shangrao,8_81
2.0,2,Shangrao,8_82
2.0,2,Shangrao,8_83
2.0,2,Shangrao,8_84
2.0,2,Shangrao,8_85
2.0,2,Shangrao,8_86
2.0,2,Shangrao,8_87
2.0,2,Shangrao,8_88
2.0,2,Shangrao,8_89
2.0,2,Shangrao,8_90
2.0,2,Shangrao,8_91
1.0,2,Shangrao,8_92
2.0,2,Shangrao,8_93
2.0,2,Shangrao,8_94
1.0,2,Shangrao,8_95
1.0,2,Shangrao,8_96
2.0,2,Shangrao,8_97
2.0,2,Shangrao,8_98
2.0,2,Shangrao,8_99
2.0,2,Shangrao,8_100
2.0,2,Shangrao,8_101
2.0,2,Shangrao,8_102
2.0,2,Shangrao,8_103
2.0,2,Shangrao,8_104
2.0,2,Shangrao,8_105
2.0,2,Shangrao,8_106
2.0,2,Shangrao,8_107
2.0,2,Shangrao,8_108
1.0,2,Shangrao,8_109
2.0,2,Shangrao,8_110
2.0,2,Shangrao,8_111
2.0,2,Shangrao,8_112
2.0,2,Shangrao,8_113
2.0,2,Shangrao,8_114
2.0,2,Shangrao,8_115
2.0,2,Shangrao,8_116
2.0,2,Shangrao,8_117
2.0,2,Shangrao,8_118
2.0,2,Shangrao,8_119
2.0,2,Shangrao,8_120
2.0,2,Shangrao,8_121
1.0,2,Shangrao,8_122
1.0,2,Shangrao,8_123
2.0,2,Shangrao,8_124
2.0,2,Shangrao,8_125
2.0,2,Shangrao,8_126
2.0,2,Shangrao,8_127
2.0,2,Shangrao,8_128
2.0,2,Shangrao,8_129
1.0,2,Shangrao,8_130
2.0,2,Shangrao,8_131
2.0,2,Shangrao,8_132
1.0,2,Shangrao,8_133
2.0,2,Shangrao,8_134
2.0,2,Shangrao,8_135
2.0,2,Shangrao,8_136
2.0,2,Shangrao,8_137
1.0,2,Shangrao,8_138
2.0,2,Shangrao,8_139
2.0,2,Shangrao,8_140
2.0,2,Shangrao,8_141
2.0,2,Shangrao,8_142
2.0,2,Shangrao,8_143
1.0,2,Shangrao,8_144
1.0,2,Shangrao,8_145
1.0,2,Shangrao,8_146
2.0,2,Shangrao,8_147
2.0,2,Shangrao,8_148
2.0,2,Shangrao,8_149
0.0,1,Jingdezhen,9_0
1.0,1,Jingdezhen,9_1
1.0,1,Jingdezhen,9_2
0.0,1,Jingdezhen,9_3
0.0,1,Jingdezhen,9_4
0.0,1,Jingdezhen,9_5
0.0,1,Jingdezhen,9_6
0.0,1,Jingdezhen,9_7
0.0,1,Jingdezhen,9_8
0.0,1,Jingdezhen,9_9
0.0,1,Jingdezhen,9_10
0.0,1,Jingdezhen,9_11
0.0,1,Jingdezhen,9_12
0.0,1,Jingdezhen,9_13
1.0,1,Jingdezhen,9_14
0.0,1,Jingdezhen,9_15
0.0,1,Jingdezhen,9_16
0.0,1,Jingdezhen,9_17
0.0,1,Jingdezhen,9_18
1.0,1,Jingdezhen,9_19
0.0,1,Jingdezhen,9_20
0.0,1,Jingdezhen,9_21
0.0,1,Jingdezhen,9_22
0.0,1,Jingdezhen,9_23
0.0,1,Jingdezhen,9_24
0.0,1,Jingdezhen,9_25
0.0,1,Jingdezhen,9_26
1.0,1,Jingdezhen,9_27
0.0,1,Jingdezhen,9_28
0.0,1,Jingdezhen,9_29
0.0,1,Jingdezhen,9_30
0.0,1,Jingdezhen,9_31
0.0,1,Jingdezhen,9_32
1.0,1,Jingdezhen,9_33
0.0,1,Jingdezhen,9_34
0.0,1,Jingdezhen,9_35
1.0,1,Jingdezhen,9_36
0.0,1,Jingdezhen,9_37
1.0,1,Jingdezhen,9_38
0.0,1,Jingdezhen,9_39
1.0,1,Jingdezhen,9_40
0.0,1,Jingdezhen,9_41
1.0,1,Jingdezhen,9_42
1.0,1,Jingdezhen,9_43
0.0,1,Jingdezhen,9_44
1.0,1,Jingdezhen,9_45
0.0,1,Jingdezhen,9_46
0.0,1,Jingdezhen,9_47
0.0,1,Jingdezhen,9_48
1.0,1,Jingdezhen,9_49
0.0,1,Jingdezhen,9_50
1.0,1,Jingdezhen,9_51
0.0,1,Jingdezhen,9_52
0.0,1,Jingdezhen,9_53
0.0,1,Jingdezhen,9_54
0.0,1,Jingdezhen,9_55
0.0,1,Jingdezhen,9_56
1.0,1,Jingdezhen,9_57
0.0,1,Jingdezhen,9_58
0.0,1,Jingdezhen,9_59
1.0,1,Jingdezhen,9_60
0.0,1,Jingdezhen,9_61
0.0,1,Jingdezhen,9_62
0.0,1,Jingdezhen,9_63
0.0,1,Jingdezhen,9_64
0.0,1,Jingdezhen,9_65
0.0,1,Jingdezhen,9_66
0.0,1,Jingdezhen,9_67
0.0,1,Jingdezhen,9_68
0.0,1,Jingdezhen,9_69
0.0,1,Jingdezhen,9_70
0.0,1,Jingdezhen,9_71
0.0,1,Jingdezhen,9_72
0.0,1,Jingdezhen,9_73
0.0,1,Jingdezhen,9_74
0.0,1,Jingdezhen,9_75
0.0,1,Jingdezhen,9_76
0.0,1,Jingdezhen,9_77
1.0,1,Jingdezhen,9_78
0.0,1,Jingdezhen,9_79
0.0,1,Jingdezhen,9_80
0.0,1,Jingdezhen,9_81
0.0,1,Jingdezhen,9_82
0.0,1,Jingdezhen,9_83
1.0,1,Jingdezhen,9_84
0.0,1,Jingdezhen,9_85
0.0,1,Jingdezhen,9_86
0.0,1,Jingdezhen,9_87
0.0,1,Jingdezhen,9_88
0.0,1,Jingdezhen,9_89
0.0,1,Jingdezhen,9_90
0.0,1,Jingdezhen,9_91
0.0,1,Jingdezhen,9_92
1.0,1,Jingdezhen,9_93
0.0,1,Jingdezhen,9_94
0.0,1,Jingdezhen,9_95
0.0,1,Jingdezhen,9_96
0.0,1,Jingdezhen,9_97
0.0,1,Jingdezhen,9_98
0.0,1,Jingdezhen,9_99
1.0,1,Jingdezhen,9_100
0.0,1,Jingdezhen,9_101
1.0,1,Jingdezhen,9_102
0.0,1,Jingdezhen,9_103
0.0,1,Jingdezhen,9_104
0.0,1,Jingdezhen,9_105
0.0,1,Jingdezhen,9_106
0.0,1,Jingdezhen,9_107
0.0,1,Jingdezhen,9_108
0.0,1,Jingdezhen,9_109
0.0,1,Jingdezhen,9_110
0.0,1,Jingdezhen,9_111
1.0,1,Jingdezhen,9_112
0.0,1,Jingdezhen,9_113
0.0,1,Jingdezhen,9_114
1.0,1,Jingdezhen,9_115
0.0,1,Jingdezhen,9_116
0.0,1,Jingdezhen,9_117
0.0,1,Jingdezhen,9_118
1.0,1,Jingdezhen,9_119
0.0,1,Jingdezhen,9_120
0.0,1,Jingdezhen,9_121
0.0,1,Jingdezhen,9_122
0.0,1,Jingdezhen,9_123
0.0,1,Jingdezhen,9_124
1.0,1,Jingdezhen,9_125
0.0,1,Jingdezhen,9_126
0.0,1,Jingdezhen,9_127
0.0,1,Jingdezhen,9_128
0.0,1,Jingdezhen,9_129
0.0,1,Jingdezhen,9_130
0.0,1,Jingdezhen,9_131
0.0,1,Jingdezhen,9_132
0.0,1,Jingdezhen,9_133
0.0,1,Jingdezhen,9_134
1.0,1,Jingdezhen,9_135
1.0,1,Jingdezhen,9_136
0.0,1,Jingdezhen,9_137
0.0,1,Jingdezhen,9_138
0.0,1,Jingdezhen,9_139
0.0,1,Jingdezhen,9_140
0.0,1,Jingdezhen,9_141
1.0,1,Jingdezhen,9_142
0.0,1,Jingdezhen,9_143
0.0,1,Jingdezhen,9_144
0.0,1,Jingdezhen,9_145
0.0,1,Jingdezhen,9_146
0.0,1,Jingdezhen,9_147
0.0,1,Jingdezhen,9_148
1.0,1,Jingdezhen,9_149
0.0,0,Jiujiang,10_0
10.0,0,Jiujiang,10_1
10.0,0,Jiujiang,10_2
0.0,0,Jiujiang,10_3
10.0,0,Jiujiang,10_4
0.0,0,Jiujiang,10_5
0.0,0,Jiujiang,10_6
0.0,0,Jiujiang,10_7
10.0,0,Jiujiang,10_8
0.0,0,Jiujiang,10_9
0.0,0,Jiujiang,10_10
0.0,0,Jiujiang,10_11
0.0,0,Jiujiang,10_12
0.0,0,Jiujiang,10_13
10.0,0,Jiujiang,10_14
0.0,0,Jiujiang,10_15
10.0,0,Jiujiang,10_16
0.0,0,Jiujiang,10_17
10.0,0,Jiujiang,10_18
10.0,0,Jiujiang,10_19
0.0,0,Jiujiang,10_20
10.0,0,Jiujiang,10_21
10.0,0,Jiujiang,10_22
10.0,0,Jiujiang,10_23
0.0,0,Jiujiang,10_24
0.0,0,Jiujiang,10_25
10.0,0,Jiujiang,10_26
10.0,0,Jiujiang,10_27
0.0,0,Jiujiang,10_28
0.0,0,Jiujiang,10_29
10.0,0,Jiujiang,10_30
10.0,0,Jiujiang,10_31
10.0,0,Jiujiang,10_32
10.0,0,Jiujiang,10_33
0.0,0,Jiujiang,10_34
10.0,0,Jiujiang,10_35
10.0,0,Jiujiang,10_36
10.0,0,Jiujiang,10_37
10.0,0,Jiujiang,10_38
10.0,0,Jiujiang,10_39
10.0,0,Jiujiang,10_40
0.0,0,Jiujiang,10_41
10.0,0,Jiujiang,10_42
10.0,0,Jiujiang,10_43
10.0,0,Jiujiang,10_44
10.0,0,Jiujiang,10_45
10.0,0,Jiujiang,10_46
10.0,0,Jiujiang,10_47
0.0,0,Jiujiang,10_48
10.0,0,Jiujiang,10_49
10.0,0,Jiujiang,10_50
10.0,0,Jiujiang,10_51
10.0,0,Jiujiang,10_52
10.0,0,Jiujiang,10_53
10.0,0,Jiujiang,10_54
10.0,0,Jiujiang,10_55
10.0,0,Jiujiang,10_56
10.0,0,Jiujiang,10_57
0.0,0,Jiujiang,10_58
10.0,0,Jiujiang,10_59
10.0,0,Jiujiang,10_60
10.0,0,Jiujiang,10_61
0.0,0,Jiujiang,10_62
10.0,0,Jiujiang,10_63
0.0,0,Jiujiang,10_64
10.0,0,Jiujiang,10_65
0.0,0,Jiujiang,10_66
10.0,0,Jiujiang,10_67
0.0,0,Jiujiang,10_68
0.0,0,Jiujiang,10_69
0.0,0,Jiujiang,10_70
10.0,0,Jiujiang,10_71
10.0,0,Jiujiang,10_72
10.0,0,Jiujiang,10_73
10.0,0,Jiujiang,10_74
10.0,0,Jiujiang,10_75
0.0,0,Jiujiang,10_76
10.0,0,Jiujiang,10_77
10.0,0,Jiujiang,10_78
0.0,0,Jiujiang,10_79
10.0,0,Jiujiang,10_80
10.0,0,Jiujiang,10_81
10.0,0,Jiujiang,10_82
10.0,0,Jiujiang,10_83
10.0,0,Jiujiang,10_84
10.0,0,Jiujiang,10_85
10.0,0,Jiujiang,10_86
0.0,0,Jiujiang,10_87
10.0,0,Jiujiang,10_88
10.0,0,Jiujiang,10_89
0.0,0,Jiujiang,10_90
0.0,0,Jiujiang,10_91
10.0,0,Jiujiang,10_92
10.0,0,Jiujiang,10_93
10.0,0,Jiujiang,10_94
10.0,0,Jiujiang,10_95
10.0,0,Jiujiang,10_96
10.0,0,Jiujiang,10_97
10.0,0,Jiujiang,10_98
10.0,0,Jiujiang,10_99
10.0,0,Jiujiang,10_100
0.0,0,Jiujiang,10_101
10.0,0,Jiujiang,10_102
0.0,0,Jiujiang,10_103
10.0,0,Jiujiang,10_104
0.0,0,Jiujiang,10_105
10.0,0,Jiujiang,10_106
10.0,0,Jiujiang,10_107
10.0,0,Jiujiang,10_108
10.0,0,Jiujiang,10_109
10.0,0,Jiujiang,10_110
10.0,0,Jiujiang,10_111
10.0,0,Jiujiang,10_112
10.0,0,Jiujiang,10_113
0.0,0,Jiujiang,10_114
10.0,0,Jiujiang,10_115
0.0,0,Jiujiang,10_116
0.0,0,Jiujiang,10_117
10.0,0,Jiujiang,10_118
10.0,0,Jiujiang,10_119
10.0,0,Jiujiang,10_120
10.0,0,Jiujiang,10_121
10.0,0,Jiujiang,10_122
0.0,0,Jiujiang,10_123
10.0,0,Jiujiang,10_124
10.0,0,Jiujiang,10_125
10.0,0,Jiujiang,10_126
0.0,0,Jiujiang,10_127
10.0,0,Jiujiang,10_128
0.0,0,Jiujiang,10_129
0.0,0,Jiujiang,10_130
10.0,0,Jiujiang,10_131
0.0,0,Jiujiang,10_132
10.0,0,Jiujiang,10_133
10.0,0,Jiujiang,10_134
10.0,0,Jiujiang,10_135
10.0,0,Jiujiang,10_136
10.0,0,Jiujiang,10_137
0.0,0,Jiujiang,10_138
10.0,0,Jiujiang,10_139
10.0,0,Jiujiang,10_140
0.0,0,Jiujiang,10_141
10.0,0,Jiujiang,10_142
10.0,0,Jiujiang,10_143
10.0,0,Jiujiang,10_144
10.0,0,Jiujiang,10_145
10.0,0,Jiujiang,10_146
10.0,0,Jiujiang,10_147
0.0,0,Jiujiang,10_148
10.0,0,Jiujiang,10_149
